PRAGMA foreign_keys=OFF;
BEGIN TRANSACTION;
CREATE TABLE android_metadata (locale TEXT);
INSERT INTO android_metadata VALUES('en_US');
CREATE TABLE IF NOT EXISTS "migrations" ("id" integer PRIMARY KEY AUTOINCREMENT NOT NULL, "timestamp" bigint NOT NULL, "name" varchar NOT NULL);
INSERT INTO migrations VALUES(1,1732115131798,'Init1732115131798');
INSERT INTO migrations VALUES(2,1732126089423,'Metadata1732126089423');
INSERT INTO migrations VALUES(3,1732350406914,'SortBy1732350406914');
CREATE TABLE IF NOT EXISTS "card_schema" ("id" integer PRIMARY KEY AUTOINCREMENT NOT NULL, "createdAt" datetime NOT NULL DEFAULT (datetime('now')), "updatedAt" datetime NOT NULL DEFAULT (datetime('now')), "deletedAt" datetime, "sideA" text NOT NULL, "sideB" text NOT NULL, "comment" text NOT NULL DEFAULT (''), "lastTimeTested" datetime, "knowledgeLevel" text(16) NOT NULL DEFAULT (0), "succuss" integer NOT NULL DEFAULT (0), "failure" integer NOT NULL DEFAULT (0));
INSERT INTO card_schema VALUES(1,'2024-11-21 17:03:55','2024-11-30 15:53:05',NULL,'L''inverse','ההיפך','',NULL,'Confident',4,0);
INSERT INTO card_schema VALUES(2,'2024-11-21 17:09:28','2024-11-22 08:23:56',NULL,'Rire jaune','צחוק אבל מריר/עצוב','',NULL,'Learning',2,0);
INSERT INTO card_schema VALUES(3,'2024-11-21 17:09:46','2024-11-30 16:01:18',NULL,'Espionner','לרגל','',NULL,'GettingThere',4,0);
INSERT INTO card_schema VALUES(4,'2024-11-21 17:10:07','2024-11-30 15:53:05',NULL,'Autoroute','Highway','',NULL,'Confident',4,0);
INSERT INTO card_schema VALUES(5,'2024-11-21 17:10:24','2024-11-30 15:53:05',NULL,'Une humoriste','סטנדאפיסטית','',NULL,'Confident',4,0);
INSERT INTO card_schema VALUES(6,'2024-11-21 17:54:40','2024-11-28 14:20:06',NULL,'Déconner','לטעות בצורה מטופשת','',NULL,'Learning',5,0);
INSERT INTO card_schema VALUES(7,'2024-11-21 17:55:09','2024-11-21 17:55:09',NULL,'Arriver à ','לקרות ל','',NULL,'Learning',0,0);
INSERT INTO card_schema VALUES(8,'2024-11-21 17:55:37','2024-11-24 13:20:14',NULL,'S''évanouir ','להתעלף','',NULL,'Learning',1,2);
INSERT INTO card_schema VALUES(9,'2024-11-21 17:55:53','2024-11-30 15:53:05',NULL,'Dernièrement ','לאחרונה','',NULL,'Confident',4,0);
INSERT INTO card_schema VALUES(10,'2024-11-21 17:56:05','2024-11-21 17:56:05',NULL,'Recette','מתכון','',NULL,'Learning',0,0);
INSERT INTO card_schema VALUES(11,'2024-11-21 17:56:14','2024-11-22 08:23:56',NULL,'Tuer','להרוג','',NULL,'Learning',1,1);
INSERT INTO card_schema VALUES(12,'2024-11-21 17:56:33','2024-11-30 15:53:05',NULL,'Rouler','לגלגל, לנסוע, לרכב','',NULL,'Confident',5,0);
INSERT INTO card_schema VALUES(13,'2024-11-21 17:56:59','2024-11-24 09:37:00',NULL,'Ni... Ni... ','Neither... Nor... ','',NULL,'Learning',1,0);
INSERT INTO card_schema VALUES(14,'2024-11-21 17:57:18','2024-11-30 16:01:18',NULL,'Ça y est','That''s it','',NULL,'GettingThere',6,0);
INSERT INTO card_schema VALUES(15,'2024-11-21 17:57:37','2024-11-30 16:01:17',NULL,'Auccun','None','',NULL,'GettingThere',5,0);
INSERT INTO card_schema VALUES(16,'2024-11-21 17:57:50','2024-12-02 10:43:25',NULL,'Tricherie','רמאות','',NULL,'Learning',3,0);
INSERT INTO card_schema VALUES(17,'2024-11-21 17:58:05','2024-12-02 10:43:25',NULL,'L''ecran','מסך','',NULL,'GettingThere',3,0);
INSERT INTO card_schema VALUES(18,'2024-11-21 17:58:17','2024-11-30 16:01:17',NULL,'Le clavier','מקלדת','',NULL,'GettingThere',5,0);
INSERT INTO card_schema VALUES(19,'2024-11-21 17:58:27','2024-11-30 16:01:18',NULL,'Sans fil','Wireless','',NULL,'GettingThere',5,0);
INSERT INTO card_schema VALUES(20,'2024-11-21 17:58:42','2024-11-30 16:01:17',NULL,'Le fichier','File','',NULL,'GettingThere',5,0);
INSERT INTO card_schema VALUES(21,'2024-11-21 17:59:02','2024-11-21 20:16:03',NULL,'L''informatique ','Computer science','',NULL,'Learning',1,0);
INSERT INTO card_schema VALUES(22,'2024-11-21 17:59:23','2024-11-24 13:14:40',NULL,'Télécharger ','To download','',NULL,'Learning',1,1);
INSERT INTO card_schema VALUES(23,'2024-11-21 17:59:40','2024-11-30 16:01:17',NULL,'La barre des utils','Toolbar','',NULL,'GettingThere',4,2);
INSERT INTO card_schema VALUES(24,'2024-11-21 20:11:56','2024-12-02 10:43:25',NULL,'Surnom','Nickname','',NULL,'Learning',2,0);
INSERT INTO card_schema VALUES(25,'2024-11-21 20:37:34','2024-11-28 14:20:06',NULL,'Coût','Cost','',NULL,'Learning',1,1);
INSERT INTO card_schema VALUES(26,'2024-11-21 20:58:06','2024-11-30 16:01:17',NULL,'Sauter','Jump','',NULL,'GettingThere',3,1);
INSERT INTO card_schema VALUES(27,'2024-11-21 21:19:09','2024-11-30 16:01:18',NULL,'Août','August','',NULL,'GettingThere',4,0);
INSERT INTO card_schema VALUES(28,'2024-11-21 21:22:21','2024-11-30 16:01:17',NULL,'Rêver','To dream','',NULL,'Confident',5,0);
INSERT INTO card_schema VALUES(29,'2024-11-22 11:52:06','2024-12-02 10:43:25',NULL,'Faire du stop','Hitch hike','',NULL,'GettingThere',3,0);
INSERT INTO card_schema VALUES(30,'2024-11-22 11:53:06','2024-11-22 11:53:06',NULL,'Grave !!! ','Absolutly!!! ','',NULL,'Learning',0,0);
INSERT INTO card_schema VALUES(31,'2024-11-22 18:48:30','2024-11-30 16:01:18',NULL,'Commencer','להתחיל','',NULL,'GettingThere',3,0);
INSERT INTO card_schema VALUES(32,'2024-11-22 18:49:09','2024-11-24 13:46:44',NULL,'Verser','To pour','',NULL,'Learning',0,2);
INSERT INTO card_schema VALUES(33,'2024-11-22 18:49:48','2024-11-30 16:01:17',NULL,'Portez-vous bien','תרגישי טוב! ','',NULL,'Confident',2,0);
INSERT INTO card_schema VALUES(34,'2024-11-22 18:52:28','2024-11-22 18:52:28',NULL,'Ajouter','To add','',NULL,'Learning',0,0);
INSERT INTO card_schema VALUES(35,'2024-11-22 19:13:51','2024-11-30 15:53:05',NULL,'Agreable','Nice','',NULL,'Confident',3,0);
INSERT INTO card_schema VALUES(36,'2024-11-22 19:30:19','2024-11-30 15:53:05',NULL,'Se raser','להתגלח','',NULL,'Confident',2,0);
INSERT INTO card_schema VALUES(37,'2024-11-22 19:30:35','2024-11-30 16:01:17',NULL,'S''amuser','To enjoy','',NULL,'GettingThere',2,0);
INSERT INTO card_schema VALUES(38,'2024-11-22 19:30:57','2024-11-22 19:30:57',NULL,'S''habiller','להתלבש','',NULL,'Learning',0,0);
INSERT INTO card_schema VALUES(39,'2024-11-22 19:31:13','2024-11-30 16:01:17',NULL,'S''endormir','To fall asleep','',NULL,'Confident',2,1);
INSERT INTO card_schema VALUES(40,'2024-11-22 19:31:22','2024-11-22 19:31:22',NULL,'Aliment','Food','',NULL,'Learning',0,0);
INSERT INTO card_schema VALUES(41,'2024-11-22 19:31:41','2024-11-22 19:31:41',NULL,'Con/conne','Idiot','',NULL,'Learning',0,0);
INSERT INTO card_schema VALUES(42,'2024-11-22 19:31:56','2024-11-30 16:01:17',NULL,'Connard/connase','Asshole','',NULL,'Confident',2,0);
INSERT INTO card_schema VALUES(43,'2024-11-22 19:32:14','2024-11-22 19:32:14',NULL,'Un tiers','שליש','',NULL,'Learning',0,0);
INSERT INTO card_schema VALUES(44,'2024-11-22 19:32:29','2024-11-29 15:40:47',NULL,'Une moitié','חצי','',NULL,'Learning',1,0);
INSERT INTO card_schema VALUES(45,'2024-11-22 19:32:55','2024-12-02 10:43:25',NULL,'Le lendemain','The day after','',NULL,'GettingThere',1,0);
INSERT INTO card_schema VALUES(46,'2024-11-22 19:33:11','2024-11-22 19:33:11',NULL,'Ailleurs','Elsewhere','',NULL,'Learning',0,0);
INSERT INTO card_schema VALUES(47,'2024-11-22 19:33:26','2024-12-02 10:43:25',NULL,'Surtant','Especially','',NULL,'Learning',1,1);
INSERT INTO card_schema VALUES(48,'2024-11-22 19:33:44','2024-11-30 16:01:17',NULL,'Exprès ','On purpose','',NULL,'GettingThere',3,0);
INSERT INTO card_schema VALUES(49,'2024-11-22 19:34:07','2024-11-22 19:34:07',NULL,'D''habitude','בדרך כלל','',NULL,'Learning',0,0);
INSERT INTO card_schema VALUES(50,'2024-11-22 19:34:33','2024-11-30 16:01:17',NULL,'En haut /en bas','Upstairs, downstairs','',NULL,'GettingThere',2,0);
INSERT INTO card_schema VALUES(51,'2024-11-22 19:34:50','2024-11-24 13:46:44',NULL,'Dessus','On top','',NULL,'Learning',0,1);
INSERT INTO card_schema VALUES(52,'2024-11-22 19:35:07','2024-11-22 19:35:07',NULL,'Dessous','Under, underneath','',NULL,'Learning',0,0);
INSERT INTO card_schema VALUES(53,'2024-11-22 19:35:23','2024-11-30 16:01:17',NULL,'Pire','Worse','',NULL,'GettingThere',1,2);
INSERT INTO card_schema VALUES(54,'2024-11-22 19:35:37','2024-11-24 09:37:00',NULL,'Constamant','Constantly','',NULL,'Learning',1,0);
INSERT INTO card_schema VALUES(55,'2024-11-22 19:35:54','2024-11-30 16:01:17',NULL,'S''exprimer','להתבטא','',NULL,'Confident',2,0);
INSERT INTO card_schema VALUES(56,'2024-11-22 19:36:11','2024-11-30 15:53:05',NULL,'Colère ','כעס','',NULL,'Confident',2,0);
INSERT INTO card_schema VALUES(57,'2024-11-22 19:36:35','2024-11-30 16:01:17',NULL,'Je m''en fiche','לא אכפת לי (לא מאוד גס) ','',NULL,'Confident',2,0);
INSERT INTO card_schema VALUES(58,'2024-11-22 19:36:51','2024-11-30 15:53:05',NULL,' Je m''en fous','לא אכפת לי (גס) ','',NULL,'Confident',2,0);
INSERT INTO card_schema VALUES(59,'2024-11-22 19:37:34','2024-11-30 16:01:18',NULL,'Je tiens à (qqch) ','אכפת לי מ (משהו)','',NULL,'GettingThere',1,1);
INSERT INTO card_schema VALUES(60,'2024-11-22 19:37:59','2024-11-30 16:01:17',NULL,'S''asseoir','To sit down','',NULL,'GettingThere',2,0);
INSERT INTO card_schema VALUES(61,'2024-11-22 19:38:14','2024-11-24 13:24:46',NULL,'Tout de suite','Immediately','',NULL,'Learning',0,1);
INSERT INTO card_schema VALUES(62,'2024-11-22 19:38:28','2024-11-24 09:37:00',NULL,'Quelquefois','לפעמים','',NULL,'Learning',1,0);
INSERT INTO card_schema VALUES(63,'2024-11-22 19:38:47','2024-11-30 16:01:17',NULL,'Dedans','Inside','',NULL,'GettingThere',2,0);
INSERT INTO card_schema VALUES(64,'2024-11-22 19:39:06','2024-11-30 16:01:18',NULL,'En face de','In front of','',NULL,'GettingThere',1,1);
INSERT INTO card_schema VALUES(65,'2024-11-22 19:39:17','2024-11-22 19:39:17',NULL,'Boîte','Box','',NULL,'Learning',0,0);
INSERT INTO card_schema VALUES(66,'2024-11-22 19:40:35','2024-11-30 16:01:17',NULL,'Renard','שועל','',NULL,'GettingThere',3,0);
INSERT INTO card_schema VALUES(67,'2024-11-22 19:40:43','2024-11-30 15:53:05',NULL,'Dos','גב','',NULL,'Confident',3,0);
INSERT INTO card_schema VALUES(68,'2024-11-22 19:40:56','2024-11-30 15:53:05',NULL,'Âme','Soul','',NULL,'Confident',2,0);
INSERT INTO card_schema VALUES(69,'2024-11-22 19:41:17','2024-11-30 15:53:05',NULL,'Zut','Damn לא גס','',NULL,'Confident',2,0);
INSERT INTO card_schema VALUES(70,'2024-11-22 19:41:29','2024-11-22 19:41:29',NULL,'Laide','Ugly','',NULL,'Learning',0,0);
INSERT INTO card_schema VALUES(71,'2024-11-22 19:41:47','2024-11-22 19:41:58',NULL,'Sous-titres','כתוביות','',NULL,'Learning',0,0);
INSERT INTO card_schema VALUES(72,'2024-11-22 19:42:30','2024-11-24 09:37:00',NULL,'Commander','להזמין','',NULL,'Learning',1,0);
INSERT INTO card_schema VALUES(73,'2024-11-22 19:42:48','2024-11-22 19:42:48',NULL,'Ventre','בטן','',NULL,'Learning',0,0);
INSERT INTO card_schema VALUES(74,'2024-11-22 19:44:05','2024-11-22 19:44:05',NULL,'Étreindre','לחבק','',NULL,'Learning',0,0);
INSERT INTO card_schema VALUES(75,'2024-11-22 19:46:38','2024-11-22 19:46:38',NULL,'Un calin','חיבוק','',NULL,'Learning',0,0);
INSERT INTO card_schema VALUES(76,'2024-11-22 19:47:04','2024-11-30 15:53:05',NULL,'Sentir','להריח, להרגיש','',NULL,'Confident',2,0);
INSERT INTO card_schema VALUES(77,'2024-11-22 19:47:19','2024-11-22 19:47:19',NULL,'Gendarne','שוטר','',NULL,'Learning',0,0);
INSERT INTO card_schema VALUES(78,'2024-11-22 19:47:34','2024-11-24 13:14:40',NULL,'Agrandir','להגדיל','',NULL,'Learning',0,1);
INSERT INTO card_schema VALUES(79,'2024-11-22 19:47:50','2024-11-22 19:47:50',NULL,'Tellement','So, such','',NULL,'Learning',0,0);
INSERT INTO card_schema VALUES(80,'2024-11-22 19:48:11','2024-11-30 16:01:17',NULL,'Genre','מגדר','',NULL,'Confident',2,0);
INSERT INTO card_schema VALUES(81,'2024-11-22 19:48:27','2024-11-30 15:53:05',NULL,'Panne','Breakdown','',NULL,'Confident',2,0);
INSERT INTO card_schema VALUES(82,'2024-11-22 19:48:44','2024-11-30 15:53:05',NULL,'Scène','במה','',NULL,'Confident',2,0);
INSERT INTO card_schema VALUES(83,'2024-11-22 19:49:03','2024-11-30 16:01:17',NULL,'Metteur de scène','Director','',NULL,'GettingThere',3,0);
INSERT INTO card_schema VALUES(84,'2024-11-22 19:49:32','2024-11-30 15:53:05',NULL,'Les coulisses','Behind the scenes','',NULL,'Confident',2,0);
INSERT INTO card_schema VALUES(85,'2024-11-22 19:50:07','2024-11-26 20:32:59',NULL,'L''orage','Thunderstorm','',NULL,'Learning',1,1);
INSERT INTO card_schema VALUES(86,'2024-11-22 19:50:34','2024-11-26 20:32:59',NULL,'La tempête','Storm','',NULL,'Learning',0,1);
INSERT INTO card_schema VALUES(87,'2024-11-22 19:51:19','2024-11-28 14:32:10',NULL,'Le nuage','ענן','',NULL,'Learning',2,0);
INSERT INTO card_schema VALUES(88,'2024-11-22 19:51:46','2024-11-30 16:01:17',NULL,'Le brouillard','Fog','',NULL,'GettingThere',4,0);
INSERT INTO card_schema VALUES(89,'2024-11-22 19:52:36','2024-11-30 15:53:05',NULL,'La gelée','Frost','',NULL,'Confident',3,0);
INSERT INTO card_schema VALUES(90,'2024-11-22 19:53:21','2024-11-24 13:12:14',NULL,'Tout autour','All around','',NULL,'Learning',1,0);
INSERT INTO card_schema VALUES(91,'2024-11-22 19:53:39','2024-11-22 19:53:39',NULL,'Quotidien','יומיומי','',NULL,'Learning',0,0);
INSERT INTO card_schema VALUES(92,'2024-11-22 19:53:56','2024-11-22 19:53:56',NULL,'Parmi','Among','',NULL,'Learning',0,0);
INSERT INTO card_schema VALUES(93,'2024-11-22 19:55:01','2024-11-22 19:55:01',NULL,'Avoir envie','To want','',NULL,'Learning',0,0);
INSERT INTO card_schema VALUES(94,'2024-11-22 19:55:33','2024-11-26 20:32:59',NULL,'La épine','קוץ','',NULL,'Learning',0,1);
INSERT INTO card_schema VALUES(95,'2024-11-22 19:55:46','2024-11-22 19:55:46',NULL,'Le roman','Novel','',NULL,'Learning',0,0);
INSERT INTO card_schema VALUES(96,'2024-11-22 19:56:02','2024-11-30 16:01:17',NULL,'La nouvelle','סיפור קצר','',NULL,'GettingThere',2,0);
INSERT INTO card_schema VALUES(97,'2024-11-22 19:56:17','2024-11-30 15:53:05',NULL,'Le premier ministre','ראש הממשלה','',NULL,'Confident',2,0);
INSERT INTO card_schema VALUES(98,'2024-11-22 19:56:38','2024-11-24 13:17:13',NULL,'Virer','לפטר','',NULL,'Learning',0,1);
INSERT INTO card_schema VALUES(99,'2024-11-22 19:57:01','2024-11-22 19:57:01',NULL,'Le chômage','אבטלה','',NULL,'Learning',0,0);
INSERT INTO card_schema VALUES(100,'2024-11-22 19:57:17','2024-12-02 10:43:25',NULL,'Impôts','מס הכנסה','',NULL,'GettingThere',2,0);
INSERT INTO card_schema VALUES(101,'2024-11-22 19:57:31','2024-11-30 16:01:17',NULL,'Fou / folle','Crazy','',NULL,'Confident',1,0);
INSERT INTO card_schema VALUES(102,'2024-11-22 19:59:19','2024-11-30 15:53:05',NULL,'Au moins','לפחות','',NULL,'Confident',2,0);
INSERT INTO card_schema VALUES(103,'2024-11-22 19:59:50','2024-12-02 10:43:25',NULL,'Vaut la peine','Worth it ','',NULL,'Learning',1,0);
INSERT INTO card_schema VALUES(104,'2024-11-22 20:00:10','2024-12-02 10:43:25',NULL,'Confession','Faith','',NULL,'Learning',0,1);
INSERT INTO card_schema VALUES(105,'2024-11-22 20:00:29','2024-11-22 20:00:29',NULL,'Recensement','צנזורה','',NULL,'Learning',0,0);
INSERT INTO card_schema VALUES(106,'2024-11-22 20:00:54','2024-12-02 10:43:25',NULL,'Limoger','להדיח (שר) ','',NULL,'Learning',1,0);
INSERT INTO card_schema VALUES(107,'2024-11-22 20:01:34','2024-11-30 16:01:17',NULL,'Endroit','מקום','',NULL,'Confident',2,0);
INSERT INTO card_schema VALUES(108,'2024-11-24 10:36:51','2024-11-25 10:29:58',NULL,'Monter','לעלות','',NULL,'Learning',1,0);
INSERT INTO card_schema VALUES(109,'2024-11-24 11:50:15','2024-11-25 10:29:58',NULL,'Feux d''artifice','זיקוקים','',NULL,'Learning',1,0);
INSERT INTO card_schema VALUES(110,'2024-11-24 12:09:25','2024-11-24 12:09:25',NULL,'Jeter','לזרוק (זבל וכו'') ','',NULL,'Learning',0,0);
INSERT INTO card_schema VALUES(111,'2024-11-24 12:14:19','2024-11-25 17:21:48',NULL,'Péter','להפליץ','',NULL,'Learning',1,0);
INSERT INTO card_schema VALUES(112,'2024-11-24 14:08:50','2024-11-24 14:08:50',NULL,'Chaines','Channel','',NULL,'Learning',0,0);
INSERT INTO card_schema VALUES(113,'2024-11-24 14:09:15','2024-11-24 14:09:15',NULL,'N''avoir rien a faire','To not care','',NULL,'Learning',0,0);
INSERT INTO card_schema VALUES(114,'2024-11-24 14:09:30','2024-11-24 14:09:30',NULL,'Enlever','To remove','',NULL,'Learning',0,0);
INSERT INTO card_schema VALUES(115,'2024-11-24 14:09:59','2024-11-30 16:01:18',NULL,'C''est egal','לא משנה לי','',NULL,'GettingThere',2,0);
INSERT INTO card_schema VALUES(116,'2024-11-24 14:10:37','2024-11-24 14:10:37',NULL,'N''importe quoi','Whatever','גם בקטע של וואטאבר, גם בקטע של סתם משהו',NULL,'Learning',0,0);
INSERT INTO card_schema VALUES(117,'2024-11-24 14:10:58','2024-11-24 14:10:58',NULL,'Empêcher','למנוע','',NULL,'Learning',0,0);
INSERT INTO card_schema VALUES(118,'2024-11-24 14:11:15','2024-11-24 14:11:15',NULL,'Éduqué ','מלומד','',NULL,'Learning',0,0);
INSERT INTO card_schema VALUES(119,'2024-11-24 14:11:30','2024-11-30 16:01:17',NULL,'Main d''œuvre','כוח אדם','',NULL,'Confident',2,0);
INSERT INTO card_schema VALUES(120,'2024-11-24 14:11:51','2024-11-24 14:11:51',NULL,'Devancer','To get ahead of','',NULL,'Learning',0,0);
INSERT INTO card_schema VALUES(121,'2024-11-24 14:12:03','2024-11-24 14:12:10',NULL,'Épicer','לתבל','',NULL,'Learning',0,0);
INSERT INTO card_schema VALUES(122,'2024-11-24 14:12:25','2024-11-24 14:12:25',NULL,'Façonner','To craft','',NULL,'Learning',0,0);
INSERT INTO card_schema VALUES(123,'2024-11-24 14:12:38','2024-11-30 16:01:17',NULL,'Menacer','לאיים','',NULL,'GettingThere',2,0);
INSERT INTO card_schema VALUES(124,'2024-11-24 14:12:56','2024-11-28 14:20:06',NULL,'Remplacer','להחליף','',NULL,'Learning',0,1);
INSERT INTO card_schema VALUES(125,'2024-11-24 14:13:07','2024-11-24 14:13:07',NULL,'Mélanger','לערבב','',NULL,'Learning',0,0);
INSERT INTO card_schema VALUES(126,'2024-11-24 14:13:23','2024-11-28 14:32:10',NULL,'Corriger','לתקן','',NULL,'Learning',1,0);
INSERT INTO card_schema VALUES(127,'2024-11-24 14:13:39','2024-11-25 10:29:58',NULL,'Nettoyer','לנקות','',NULL,'Learning',1,0);
INSERT INTO card_schema VALUES(128,'2024-11-24 14:13:50','2024-11-24 14:13:50',NULL,'Augmenter','To increase','',NULL,'Learning',0,0);
INSERT INTO card_schema VALUES(129,'2024-11-24 14:14:12','2024-11-24 14:14:12',NULL,'De moins en moins','פחות ופחות','',NULL,'Learning',0,0);
INSERT INTO card_schema VALUES(130,'2024-11-24 14:14:33','2024-11-25 12:44:49',NULL,'Un abri','מקלט','',NULL,'Learning',1,0);
INSERT INTO card_schema VALUES(131,'2024-11-24 14:14:46','2024-12-02 10:43:25',NULL,'Haïr','לשנוא','',NULL,'GettingThere',1,0);
INSERT INTO card_schema VALUES(132,'2024-11-24 14:14:59','2024-11-24 14:14:59',NULL,'Effrayant','מפחיד ','',NULL,'Learning',0,0);
INSERT INTO card_schema VALUES(133,'2024-11-24 14:15:21','2024-11-25 10:29:58',NULL,'Effacer','למחוק','',NULL,'Learning',0,1);
INSERT INTO card_schema VALUES(134,'2024-11-24 14:15:32','2024-11-24 14:15:32',NULL,'Avancer','להתקדם','',NULL,'Learning',0,0);
INSERT INTO card_schema VALUES(135,'2024-11-24 14:15:49','2024-11-30 16:01:17',NULL,'Renoncer','To give up','',NULL,'GettingThere',2,0);
INSERT INTO card_schema VALUES(136,'2024-11-24 14:16:02','2024-11-24 14:16:02',NULL,'Balancer','To swing','',NULL,'Learning',0,0);
INSERT INTO card_schema VALUES(137,'2024-11-24 14:16:18','2024-12-02 10:43:25',NULL,'Défoncer','To smash','',NULL,'Learning',1,0);
INSERT INTO card_schema VALUES(139,'2024-11-25 10:10:26','2024-11-26 20:33:29',NULL,'Champs','Field','',NULL,'Learning',1,0);
INSERT INTO card_schema VALUES(140,'2024-11-25 10:10:41','2024-11-25 10:29:58',NULL,'Laisser','To leave','',NULL,'Learning',1,0);
INSERT INTO card_schema VALUES(141,'2024-11-25 10:10:49','2024-11-30 16:01:17',NULL,'Espece','Species','',NULL,'Confident',2,0);
INSERT INTO card_schema VALUES(142,'2024-11-25 10:11:08','2024-11-25 10:11:08',NULL,'Dégât','Damage','',NULL,'Learning',0,0);
INSERT INTO card_schema VALUES(143,'2024-11-25 10:11:36','2024-11-25 10:11:36',NULL,'Par rapport','Compared with','',NULL,'Learning',0,0);
INSERT INTO card_schema VALUES(144,'2024-11-25 10:12:08','2024-11-25 10:12:08',NULL,'Milieu','Middle, environment, medium ','',NULL,'Learning',0,0);
INSERT INTO card_schema VALUES(145,'2024-11-25 10:12:25','2024-11-25 10:12:25',NULL,'Le rapport','Relationship','',NULL,'Learning',0,0);
INSERT INTO card_schema VALUES(146,'2024-11-25 10:12:57','2024-12-02 10:43:25',NULL,'Interdire','To forbid','',NULL,'Confident',1,0);
INSERT INTO card_schema VALUES(147,'2024-11-25 10:16:38','2024-11-25 10:16:38',NULL,'Autant','As much','',NULL,'Learning',0,0);
INSERT INTO card_schema VALUES(148,'2024-11-25 10:16:51','2024-12-02 10:43:25',NULL,'Reporter','Postpone','',NULL,'Learning',1,1);
INSERT INTO card_schema VALUES(149,'2024-11-25 10:17:38','2024-11-25 10:17:38',NULL,'La campagne','The country side','',NULL,'Learning',0,0);
INSERT INTO card_schema VALUES(150,'2024-11-25 10:17:53','2024-11-30 15:53:05',NULL,'Le pré','אחו','',NULL,'Confident',2,0);
INSERT INTO card_schema VALUES(151,'2024-11-25 10:18:05','2024-11-25 10:18:05',NULL,'La colline','גבעה','',NULL,'Learning',0,0);
INSERT INTO card_schema VALUES(152,'2024-11-25 10:18:26','2024-11-25 10:18:26',NULL,'Le nid','Nest','',NULL,'Learning',0,0);
INSERT INTO card_schema VALUES(153,'2024-11-25 10:18:39','2024-11-30 16:01:17',NULL,'Herbre','Grass','',NULL,'GettingThere',3,0);
INSERT INTO card_schema VALUES(154,'2024-11-25 10:18:53','2024-11-25 10:18:53',NULL,'La rivière','נהר','',NULL,'Learning',0,0);
INSERT INTO card_schema VALUES(155,'2024-11-25 17:21:44','2024-11-25 17:21:44',NULL,'locataires','דיירים','',NULL,'Learning',0,0);
INSERT INTO card_schema VALUES(156,'2024-11-26 17:00:24','2024-12-03 09:02:38',NULL,'Propre','Own/ clean','',NULL,'Learning',3,0);
INSERT INTO card_schema VALUES(157,'2024-11-26 17:00:40','2024-11-30 16:01:18',NULL,'Faux/fausse','Wrong','',NULL,'Confident',2,0);
INSERT INTO card_schema VALUES(158,'2024-11-26 17:00:58','2024-11-26 17:00:58',NULL,'Neuf/neuve','New','',NULL,'Learning',0,0);
INSERT INTO card_schema VALUES(159,'2024-11-26 17:01:45','2024-11-26 17:01:45',NULL,'Pourtant','אבל','',NULL,'Learning',0,0);
INSERT INTO card_schema VALUES(160,'2024-11-26 17:01:58','2024-12-03 09:02:38',NULL,'Avoir peur','לפחד','',NULL,'Confident',2,0);
INSERT INTO card_schema VALUES(161,'2024-11-26 17:02:09','2024-11-26 17:02:09',NULL,'Velue','שעיר','',NULL,'Learning',0,0);
INSERT INTO card_schema VALUES(162,'2024-11-26 17:03:13','2024-11-26 20:32:59',NULL,'L''averse','Shower/downpour','',NULL,'Learning',0,1);
INSERT INTO card_schema VALUES(163,'2024-11-26 17:03:52','2024-11-26 17:03:52',NULL,'Le verglas','Ice/black ice','',NULL,'Learning',0,0);
INSERT INTO card_schema VALUES(164,'2024-11-26 17:04:54','2024-12-03 09:02:38',NULL,'Ouragan','הוריקן','',NULL,'GettingThere',2,1);
INSERT INTO card_schema VALUES(165,'2024-11-26 17:05:16','2024-11-30 15:50:18',NULL,'Siècle','Century','',NULL,'Learning',1,0);
INSERT INTO card_schema VALUES(166,'2024-11-26 17:05:33','2024-11-30 15:50:18',NULL,'Vieillards','Old people','',NULL,'Learning',1,0);
INSERT INTO card_schema VALUES(167,'2024-11-26 17:06:17','2024-12-03 09:02:38',NULL,'Un greve','A strike','',NULL,'Learning',3,1);
INSERT INTO card_schema VALUES(168,'2024-11-26 17:06:32','2024-11-30 16:01:17',NULL,'Citoyene','Citizen','',NULL,'Confident',2,0);
INSERT INTO card_schema VALUES(169,'2024-11-26 17:06:42','2024-12-03 09:15:52',NULL,'Compter','לספור','',NULL,'Learning',2,1);
INSERT INTO card_schema VALUES(170,'2024-11-26 17:06:58','2024-12-03 09:02:38',NULL,'Fierté','Pride','',NULL,'Learning',3,0);
INSERT INTO card_schema VALUES(171,'2024-11-26 17:07:35','2024-12-03 09:15:52',NULL,'Rentrer','לחזור (הביתה) ','',NULL,'GettingThere',4,0);
INSERT INTO card_schema VALUES(172,'2024-11-26 17:07:51','2024-12-03 09:15:52',NULL,'Retourner','לחזור (לאנשהו) ','',NULL,'GettingThere',4,0);
INSERT INTO card_schema VALUES(173,'2024-11-26 17:08:07','2024-11-30 16:01:17',NULL,'Descendre','לרדת','',NULL,'GettingThere',2,0);
INSERT INTO card_schema VALUES(174,'2024-11-26 17:08:25','2024-12-03 09:02:38',NULL,'Rez de chaussé','Ground floor','',NULL,'Learning',2,1);
INSERT INTO card_schema VALUES(175,'2024-11-26 17:08:40','2024-12-03 09:02:38',NULL,'Devant','In front','',NULL,'Learning',3,0);
INSERT INTO card_schema VALUES(176,'2024-11-26 17:08:49','2024-11-30 16:01:18',NULL,'Colis','חבילה','',NULL,'Confident',2,0);
INSERT INTO card_schema VALUES(177,'2024-11-26 17:09:05','2024-12-03 09:15:51',NULL,'Vêtir','להתלבש','',NULL,'Confident',4,0);
INSERT INTO card_schema VALUES(178,'2024-11-26 17:09:17','2024-11-30 16:01:17',NULL,'Tomber','ליפול','',NULL,'GettingThere',2,0);
INSERT INTO card_schema VALUES(179,'2024-11-29 14:13:46','2024-12-03 09:15:52',NULL,'Baîller','לפהק','',NULL,'GettingThere',5,0);
INSERT INTO card_schema VALUES(180,'2024-11-29 14:22:16','2024-11-30 15:50:18',NULL,'Aussitôt','Right away','',NULL,'Learning',1,0);
INSERT INTO card_schema VALUES(181,'2024-11-29 15:32:42','2024-12-02 10:43:25',NULL,'Écouteurs','Headphones','',NULL,'GettingThere',2,0);
INSERT INTO card_schema VALUES(182,'2024-11-29 15:36:20','2024-11-30 15:50:18',NULL,'Malade','חולה','',NULL,'Learning',1,0);
INSERT INTO card_schema VALUES(183,'2024-11-29 15:37:31','2024-11-30 15:50:18',NULL,'C''est dommage','חבל','',NULL,'Learning',1,0);
INSERT INTO card_schema VALUES(184,'2024-11-29 15:39:35','2024-11-30 15:50:18',NULL,'Ensemble','ביחד','',NULL,'Learning',1,0);
INSERT INTO card_schema VALUES(185,'2024-11-29 15:41:27','2024-11-30 22:22:34',NULL,'Injure','קללה','',NULL,'Learning',2,0);
INSERT INTO card_schema VALUES(186,'2024-11-29 17:00:17','2024-12-02 10:43:25',NULL,'Virgule','פסיק','',NULL,'GettingThere',3,0);
INSERT INTO card_schema VALUES(187,'2024-11-29 17:21:58','2024-11-30 22:22:34',NULL,'Dés que','As soon as','',NULL,'Learning',2,0);
INSERT INTO card_schema VALUES(188,'2024-11-29 17:36:48','2024-11-30 22:22:34',NULL,'Tant que','As long as','',NULL,'Learning',2,0);
INSERT INTO card_schema VALUES(189,'2024-11-29 17:57:03','2024-11-30 22:22:34',NULL,'en moyenne','בממוצע','',NULL,'Learning',2,0);
INSERT INTO card_schema VALUES(190,'2024-11-30 11:23:13','2024-11-30 22:22:34',NULL,'Abeille','דבורה','',NULL,'Learning',2,0);
INSERT INTO card_schema VALUES(191,'2024-11-30 16:45:53','2024-12-02 10:43:25',NULL,'Bâtiment','בניין','',NULL,'GettingThere',2,0);
INSERT INTO card_schema VALUES(192,'2024-11-30 18:16:19','2024-11-30 22:22:34',NULL,'Soit','או','',NULL,'Learning',1,0);
INSERT INTO card_schema VALUES(193,'2024-11-30 22:00:31','2024-12-03 09:02:38',NULL,'Proie','Prey','',NULL,'GettingThere',4,0);
INSERT INTO card_schema VALUES(194,'2024-11-30 22:01:08','2024-11-30 22:23:12',NULL,'Réseaux','רשתות','',NULL,'GettingThere',1,0);
INSERT INTO card_schema VALUES(195,'2024-11-30 22:01:44','2024-11-30 22:22:34',NULL,'Forcément','בהכרח','',NULL,'Learning',1,0);
INSERT INTO card_schema VALUES(196,'2024-11-30 22:02:02','2024-11-30 22:22:34',NULL,'Lors','So, then','',NULL,'Learning',1,0);
INSERT INTO card_schema VALUES(197,'2024-11-30 22:02:46','2024-11-30 22:22:34',NULL,'Pas être sensé','Not supposed to ','',NULL,'Learning',1,0);
INSERT INTO card_schema VALUES(198,'2024-11-30 22:03:07','2024-12-03 09:15:52',NULL,'Vaincre','To defeat','',NULL,'GettingThere',5,0);
INSERT INTO card_schema VALUES(199,'2024-11-30 22:03:30','2024-11-30 22:22:34',NULL,'Puissance','Power','',NULL,'Learning',1,0);
INSERT INTO card_schema VALUES(200,'2024-11-30 22:03:58','2024-11-30 22:22:34',NULL,'Dresseur','מאמן','',NULL,'Learning',1,0);
INSERT INTO card_schema VALUES(201,'2024-11-30 22:04:17','2024-11-30 22:23:03',NULL,'Chasseur','Hunter','',NULL,'Confident',1,0);
INSERT INTO card_schema VALUES(202,'2024-11-30 22:04:42','2024-12-03 09:02:38',NULL,'Racine','Root','',NULL,'Learning',3,0);
INSERT INTO card_schema VALUES(203,'2024-11-30 22:05:01','2024-11-30 22:22:55',NULL,'Quartier','שכונה','',NULL,'Confident',1,0);
INSERT INTO card_schema VALUES(204,'2024-11-30 22:05:47','2024-11-30 22:22:34',NULL,'Ours en peluche','Stuffed teddy bear','',NULL,'Learning',1,0);
INSERT INTO card_schema VALUES(205,'2024-11-30 22:06:23','2024-11-30 22:22:34',NULL,'De temps en temps','From time to time ','',NULL,'Confident',1,0);
INSERT INTO card_schema VALUES(206,'2024-11-30 22:06:57','2024-11-30 22:22:34',NULL,'La plupart','The most','',NULL,'GettingThere',1,0);
INSERT INTO card_schema VALUES(207,'2024-11-30 22:09:36','2024-11-30 22:22:34',NULL,'Des bouchons','Traffic jam','',NULL,'Learning',1,0);
INSERT INTO card_schema VALUES(208,'2024-11-30 22:10:30','2024-12-03 09:15:51',NULL,'Être témoin','To witness','',NULL,'Learning',5,0);
INSERT INTO card_schema VALUES(209,'2024-11-30 22:10:50','2024-11-30 22:22:47',NULL,'Presque','Almost','',NULL,'GettingThere',1,0);
INSERT INTO card_schema VALUES(210,'2024-11-30 22:11:17','2024-11-30 22:22:34',NULL,'Boucles','חישוקים, תלתלים','',NULL,'Learning',1,0);
INSERT INTO card_schema VALUES(211,'2024-11-30 22:12:26','2024-11-30 22:22:34',NULL,'Furax','ממש כועס (סלנג) ','',NULL,'Learning',1,0);
INSERT INTO card_schema VALUES(212,'2024-11-30 22:14:54','2024-11-30 22:22:34',NULL,'se prendre la tête (avec qqn) ','To argue (with someone) ','',NULL,'Learning',1,0);
INSERT INTO card_schema VALUES(213,'2024-11-30 22:16:18','2024-11-30 22:22:34',NULL,'Gênant','Embarrassing','',NULL,'Learning',1,0);
INSERT INTO card_schema VALUES(214,'2024-11-30 22:16:50','2024-12-03 09:02:38',NULL,'A voix haute','בקול רם','',NULL,'GettingThere',3,0);
INSERT INTO card_schema VALUES(215,'2024-11-30 22:17:41','2024-12-03 09:02:38',NULL,'Angoissé','Anxoius','',NULL,'Learning',3,0);
INSERT INTO card_schema VALUES(216,'2024-12-02 10:43:53','2024-12-03 09:02:38',NULL,'Repandre','To spread','',NULL,'Learning',1,1);
INSERT INTO card_schema VALUES(217,'2024-12-02 10:44:19','2024-12-02 10:44:19',NULL,'Tendre','To stretch, hold out','',NULL,'Learning',0,0);
INSERT INTO card_schema VALUES(218,'2024-12-02 10:44:48','2024-12-03 09:15:51',NULL,'Detendre','To relax (a stretch) ','',NULL,'GettingThere',2,0);
INSERT INTO card_schema VALUES(219,'2024-12-02 10:45:05','2024-12-03 09:15:52',NULL,'Peindre','לצייר','',NULL,'GettingThere',2,0);
INSERT INTO card_schema VALUES(220,'2024-12-02 10:45:28','2024-12-03 09:15:52',NULL,'Prevoir','To expect','',NULL,'Learning',2,0);
INSERT INTO card_schema VALUES(221,'2024-12-02 10:45:49','2024-12-03 09:15:52',NULL,'Se reveiller','To wake up','',NULL,'Learning',2,0);
INSERT INTO card_schema VALUES(222,'2024-12-02 10:46:21','2024-12-03 09:02:38',NULL,'Courante','Current/communal','',NULL,'Learning',2,0);
INSERT INTO card_schema VALUES(223,'2024-12-02 10:46:36','2024-12-02 10:46:36',NULL,'Enceinte','Pregnant','',NULL,'Learning',0,0);
INSERT INTO card_schema VALUES(224,'2024-12-02 10:46:54','2024-12-02 10:46:54',NULL,'Reguliere','קבוע','',NULL,'Learning',0,0);
INSERT INTO card_schema VALUES(225,'2024-12-02 10:47:21','2024-12-03 09:02:38',NULL,'Eloigne','מרוחק','',NULL,'GettingThere',2,0);
INSERT INTO card_schema VALUES(226,'2024-12-02 10:47:49','2024-12-02 10:47:49',NULL,'Dehors','בחוץ','',NULL,'Learning',0,0);
INSERT INTO card_schema VALUES(227,'2024-12-02 10:48:17','2024-12-02 10:48:17',NULL,'Partout','Everywhere','',NULL,'Learning',0,0);
INSERT INTO card_schema VALUES(228,'2024-12-02 10:48:38','2024-12-03 09:02:38',NULL,'A l''heure','On time','',NULL,'GettingThere',2,0);
INSERT INTO card_schema VALUES(229,'2024-12-02 10:49:16','2024-12-02 10:49:16',NULL,'Décrire','Describe','',NULL,'Learning',0,0);
INSERT INTO card_schema VALUES(230,'2024-12-02 10:49:51','2024-12-02 10:49:51',NULL,'Reposer','לנוח','',NULL,'Learning',0,0);
INSERT INTO card_schema VALUES(231,'2024-12-02 10:51:01','2024-12-03 09:15:51',NULL,'Souhaiter','לאחל','',NULL,'Learning',4,0);
INSERT INTO card_schema VALUES(232,'2024-12-02 10:51:09','2024-12-03 09:15:52',NULL,'Devenir','To become','',NULL,'GettingThere',2,0);
INSERT INTO card_schema VALUES(233,'2024-12-02 10:51:24','2024-12-03 09:02:38',NULL,'Coudre','לתפור','',NULL,'GettingThere',2,0);
INSERT INTO card_schema VALUES(234,'2024-12-02 10:51:57','2024-12-03 09:15:51',NULL,'Tromper','לטעות','',NULL,'GettingThere',4,0);
INSERT INTO card_schema VALUES(235,'2024-12-02 10:52:15','2024-12-03 09:15:51',NULL,'Apporter','להביא','',NULL,'Learning',4,0);
INSERT INTO card_schema VALUES(236,'2024-12-02 10:52:46','2024-12-03 09:15:52',NULL,'Rendre','To give back','',NULL,'GettingThere',4,0);
INSERT INTO card_schema VALUES(237,'2024-12-02 10:53:09','2024-12-02 10:53:09',NULL,'Plein de monde','מלא אנשים','',NULL,'Learning',0,0);
INSERT INTO card_schema VALUES(238,'2024-12-02 10:53:36','2024-12-03 09:02:38',NULL,'Sur peuplé','צפוף מדי','',NULL,'Learning',2,0);
INSERT INTO card_schema VALUES(239,'2024-12-02 10:53:58','2024-12-02 10:53:58',NULL,'Divertissant','משעשע','',NULL,'Learning',0,0);
INSERT INTO card_schema VALUES(240,'2024-12-02 10:54:43','2024-12-03 12:55:07',NULL,'Se plaindre','להתלונן','',NULL,'Learning',3,0);
INSERT INTO card_schema VALUES(241,'2024-12-02 10:55:02','2024-12-03 09:15:51',NULL,'Épouser','להתחתן','',NULL,'GettingThere',4,0);
INSERT INTO card_schema VALUES(242,'2024-12-02 10:55:17','2024-12-03 12:55:07',NULL,'Cas','Case','',NULL,'Learning',1,0);
INSERT INTO card_schema VALUES(243,'2024-12-03 08:45:36','2024-12-03 12:55:07',NULL,'Quelque part','Somewhere','',NULL,'Learning',3,0);
INSERT INTO card_schema VALUES(244,'2024-12-03 08:46:29','2024-12-03 12:55:07',NULL,'Soulagé','Relieved','',NULL,'Learning',1,0);
INSERT INTO card_schema VALUES(245,'2024-12-03 08:47:58','2024-12-03 12:55:07',NULL,'Gencive','חניכיים','',NULL,'Learning',1,0);
INSERT INTO card_schema VALUES(246,'2024-12-03 08:48:29','2024-12-03 12:55:07',NULL,'Accoucher','ללדת','',NULL,'Learning',5,0);
INSERT INTO card_schema VALUES(247,'2024-12-03 08:49:09','2024-12-03 12:55:07',NULL,'S''effondrer','To collapse','',NULL,'Learning',1,2);
INSERT INTO card_schema VALUES(248,'2024-12-03 08:49:32','2024-12-03 12:55:07',NULL,'Freiner','To slow down','',NULL,'Learning',1,2);
INSERT INTO card_schema VALUES(249,'2024-12-03 08:50:25','2024-12-03 12:55:07',NULL,'Cessez-le-feu','הפסקת אש','',NULL,'Learning',3,0);
INSERT INTO card_schema VALUES(250,'2024-12-03 08:51:18','2024-12-03 12:55:07',NULL,'Presonnage','דמות','',NULL,'Learning',2,1);
INSERT INTO card_schema VALUES(251,'2024-12-03 12:55:56','2024-12-03 12:56:37',NULL,'Pas de souci','No worries','',NULL,'Learning',0,0);
INSERT INTO card_schema VALUES(252,'2024-12-03 12:58:28','2024-12-03 12:58:28',NULL,'Bricoleur','Handyman','',NULL,'Learning',0,0);
INSERT INTO card_schema VALUES(253,'2024-12-03 13:11:43','2024-12-03 13:11:43',NULL,'Gants','Gloves','',NULL,'Learning',0,0);
CREATE TABLE IF NOT EXISTS "tag_schema" ("id" integer PRIMARY KEY AUTOINCREMENT NOT NULL, "createdAt" datetime NOT NULL DEFAULT (datetime('now')), "updatedAt" datetime NOT NULL DEFAULT (datetime('now')), "deletedAt" datetime, "name" text NOT NULL);
INSERT INTO tag_schema VALUES(1,'2024-11-22 19:42:26','2024-11-22 19:42:26',NULL,'Verbs');
INSERT INTO tag_schema VALUES(3,'2024-11-22 19:53:17','2024-11-30 16:07:08',NULL,'Adverbs');
INSERT INTO tag_schema VALUES(6,'2024-11-26 14:07:36','2024-11-26 14:07:36',NULL,'Nature');
INSERT INTO tag_schema VALUES(7,'2024-11-27 14:34:05','2024-11-27 14:34:05',NULL,'Phrases');
INSERT INTO tag_schema VALUES(8,'2024-11-28 14:56:44','2024-11-28 14:56:44',NULL,'Slang');
INSERT INTO tag_schema VALUES(11,'2024-11-30 16:14:57','2024-11-30 16:14:57',NULL,'Adjectives');
INSERT INTO tag_schema VALUES(12,'2024-11-30 16:17:24','2024-11-30 16:17:24',NULL,'Nouns');
INSERT INTO tag_schema VALUES(13,'2024-12-04 10:51:20','2024-12-04 10:51:20',NULL,'ללמוד');
CREATE TABLE IF NOT EXISTS "card_schema_tags_tag_schema" ("cardSchemaId" integer NOT NULL, "tagSchemaId" integer NOT NULL, CONSTRAINT "FK_ce340a944fcb2c3939561e6960a" FOREIGN KEY ("cardSchemaId") REFERENCES "card_schema" ("id") ON DELETE CASCADE ON UPDATE CASCADE, CONSTRAINT "FK_be48ea9c0293b07256a74d96c25" FOREIGN KEY ("tagSchemaId") REFERENCES "tag_schema" ("id") ON DELETE NO ACTION ON UPDATE NO ACTION, PRIMARY KEY ("cardSchemaId", "tagSchemaId"));
INSERT INTO card_schema_tags_tag_schema VALUES(72,1);
INSERT INTO card_schema_tags_tag_schema VALUES(74,1);
INSERT INTO card_schema_tags_tag_schema VALUES(76,1);
INSERT INTO card_schema_tags_tag_schema VALUES(90,3);
INSERT INTO card_schema_tags_tag_schema VALUES(93,1);
INSERT INTO card_schema_tags_tag_schema VALUES(98,1);
INSERT INTO card_schema_tags_tag_schema VALUES(106,1);
INSERT INTO card_schema_tags_tag_schema VALUES(108,1);
INSERT INTO card_schema_tags_tag_schema VALUES(114,1);
INSERT INTO card_schema_tags_tag_schema VALUES(146,1);
INSERT INTO card_schema_tags_tag_schema VALUES(148,1);
INSERT INTO card_schema_tags_tag_schema VALUES(153,6);
INSERT INTO card_schema_tags_tag_schema VALUES(150,6);
INSERT INTO card_schema_tags_tag_schema VALUES(141,6);
INSERT INTO card_schema_tags_tag_schema VALUES(139,6);
INSERT INTO card_schema_tags_tag_schema VALUES(94,6);
INSERT INTO card_schema_tags_tag_schema VALUES(89,6);
INSERT INTO card_schema_tags_tag_schema VALUES(88,6);
INSERT INTO card_schema_tags_tag_schema VALUES(87,6);
INSERT INTO card_schema_tags_tag_schema VALUES(86,6);
INSERT INTO card_schema_tags_tag_schema VALUES(85,6);
INSERT INTO card_schema_tags_tag_schema VALUES(66,6);
INSERT INTO card_schema_tags_tag_schema VALUES(27,6);
INSERT INTO card_schema_tags_tag_schema VALUES(162,6);
INSERT INTO card_schema_tags_tag_schema VALUES(129,7);
INSERT INTO card_schema_tags_tag_schema VALUES(115,7);
INSERT INTO card_schema_tags_tag_schema VALUES(116,7);
INSERT INTO card_schema_tags_tag_schema VALUES(113,7);
INSERT INTO card_schema_tags_tag_schema VALUES(59,7);
INSERT INTO card_schema_tags_tag_schema VALUES(58,7);
INSERT INTO card_schema_tags_tag_schema VALUES(57,7);
INSERT INTO card_schema_tags_tag_schema VALUES(33,7);
INSERT INTO card_schema_tags_tag_schema VALUES(30,7);
INSERT INTO card_schema_tags_tag_schema VALUES(13,7);
INSERT INTO card_schema_tags_tag_schema VALUES(14,7);
INSERT INTO card_schema_tags_tag_schema VALUES(2,8);
INSERT INTO card_schema_tags_tag_schema VALUES(6,8);
INSERT INTO card_schema_tags_tag_schema VALUES(30,8);
INSERT INTO card_schema_tags_tag_schema VALUES(29,8);
INSERT INTO card_schema_tags_tag_schema VALUES(41,8);
INSERT INTO card_schema_tags_tag_schema VALUES(42,8);
INSERT INTO card_schema_tags_tag_schema VALUES(57,8);
INSERT INTO card_schema_tags_tag_schema VALUES(58,8);
INSERT INTO card_schema_tags_tag_schema VALUES(69,8);
INSERT INTO card_schema_tags_tag_schema VALUES(103,8);
INSERT INTO card_schema_tags_tag_schema VALUES(103,7);
INSERT INTO card_schema_tags_tag_schema VALUES(179,1);
INSERT INTO card_schema_tags_tag_schema VALUES(180,3);
INSERT INTO card_schema_tags_tag_schema VALUES(183,7);
INSERT INTO card_schema_tags_tag_schema VALUES(185,8);
INSERT INTO card_schema_tags_tag_schema VALUES(187,3);
INSERT INTO card_schema_tags_tag_schema VALUES(188,3);
INSERT INTO card_schema_tags_tag_schema VALUES(190,6);
INSERT INTO card_schema_tags_tag_schema VALUES(178,1);
INSERT INTO card_schema_tags_tag_schema VALUES(177,1);
INSERT INTO card_schema_tags_tag_schema VALUES(173,1);
INSERT INTO card_schema_tags_tag_schema VALUES(172,1);
INSERT INTO card_schema_tags_tag_schema VALUES(171,1);
INSERT INTO card_schema_tags_tag_schema VALUES(169,1);
INSERT INTO card_schema_tags_tag_schema VALUES(160,1);
INSERT INTO card_schema_tags_tag_schema VALUES(140,1);
INSERT INTO card_schema_tags_tag_schema VALUES(137,1);
INSERT INTO card_schema_tags_tag_schema VALUES(136,1);
INSERT INTO card_schema_tags_tag_schema VALUES(135,1);
INSERT INTO card_schema_tags_tag_schema VALUES(134,1);
INSERT INTO card_schema_tags_tag_schema VALUES(133,1);
INSERT INTO card_schema_tags_tag_schema VALUES(128,1);
INSERT INTO card_schema_tags_tag_schema VALUES(127,1);
INSERT INTO card_schema_tags_tag_schema VALUES(126,1);
INSERT INTO card_schema_tags_tag_schema VALUES(125,1);
INSERT INTO card_schema_tags_tag_schema VALUES(124,1);
INSERT INTO card_schema_tags_tag_schema VALUES(123,1);
INSERT INTO card_schema_tags_tag_schema VALUES(122,1);
INSERT INTO card_schema_tags_tag_schema VALUES(121,1);
INSERT INTO card_schema_tags_tag_schema VALUES(120,1);
INSERT INTO card_schema_tags_tag_schema VALUES(117,1);
INSERT INTO card_schema_tags_tag_schema VALUES(113,1);
INSERT INTO card_schema_tags_tag_schema VALUES(111,1);
INSERT INTO card_schema_tags_tag_schema VALUES(110,1);
INSERT INTO card_schema_tags_tag_schema VALUES(78,1);
INSERT INTO card_schema_tags_tag_schema VALUES(60,1);
INSERT INTO card_schema_tags_tag_schema VALUES(55,1);
INSERT INTO card_schema_tags_tag_schema VALUES(38,1);
INSERT INTO card_schema_tags_tag_schema VALUES(39,1);
INSERT INTO card_schema_tags_tag_schema VALUES(37,1);
INSERT INTO card_schema_tags_tag_schema VALUES(36,1);
INSERT INTO card_schema_tags_tag_schema VALUES(34,1);
INSERT INTO card_schema_tags_tag_schema VALUES(32,1);
INSERT INTO card_schema_tags_tag_schema VALUES(31,1);
INSERT INTO card_schema_tags_tag_schema VALUES(29,1);
INSERT INTO card_schema_tags_tag_schema VALUES(26,1);
INSERT INTO card_schema_tags_tag_schema VALUES(22,1);
INSERT INTO card_schema_tags_tag_schema VALUES(12,1);
INSERT INTO card_schema_tags_tag_schema VALUES(11,1);
INSERT INTO card_schema_tags_tag_schema VALUES(8,1);
INSERT INTO card_schema_tags_tag_schema VALUES(7,1);
INSERT INTO card_schema_tags_tag_schema VALUES(6,1);
INSERT INTO card_schema_tags_tag_schema VALUES(3,1);
INSERT INTO card_schema_tags_tag_schema VALUES(189,3);
INSERT INTO card_schema_tags_tag_schema VALUES(184,3);
INSERT INTO card_schema_tags_tag_schema VALUES(175,3);
INSERT INTO card_schema_tags_tag_schema VALUES(159,3);
INSERT INTO card_schema_tags_tag_schema VALUES(147,3);
INSERT INTO card_schema_tags_tag_schema VALUES(129,3);
INSERT INTO card_schema_tags_tag_schema VALUES(116,3);
INSERT INTO card_schema_tags_tag_schema VALUES(102,3);
INSERT INTO card_schema_tags_tag_schema VALUES(92,3);
INSERT INTO card_schema_tags_tag_schema VALUES(79,3);
INSERT INTO card_schema_tags_tag_schema VALUES(63,3);
INSERT INTO card_schema_tags_tag_schema VALUES(64,3);
INSERT INTO card_schema_tags_tag_schema VALUES(61,3);
INSERT INTO card_schema_tags_tag_schema VALUES(62,3);
INSERT INTO card_schema_tags_tag_schema VALUES(54,3);
INSERT INTO card_schema_tags_tag_schema VALUES(52,3);
INSERT INTO card_schema_tags_tag_schema VALUES(51,3);
INSERT INTO card_schema_tags_tag_schema VALUES(50,3);
INSERT INTO card_schema_tags_tag_schema VALUES(49,3);
INSERT INTO card_schema_tags_tag_schema VALUES(48,3);
INSERT INTO card_schema_tags_tag_schema VALUES(47,3);
INSERT INTO card_schema_tags_tag_schema VALUES(46,3);
INSERT INTO card_schema_tags_tag_schema VALUES(15,3);
INSERT INTO card_schema_tags_tag_schema VALUES(13,3);
INSERT INTO card_schema_tags_tag_schema VALUES(1,12);
INSERT INTO card_schema_tags_tag_schema VALUES(190,12);
INSERT INTO card_schema_tags_tag_schema VALUES(186,12);
INSERT INTO card_schema_tags_tag_schema VALUES(185,12);
INSERT INTO card_schema_tags_tag_schema VALUES(181,12);
INSERT INTO card_schema_tags_tag_schema VALUES(182,11);
INSERT INTO card_schema_tags_tag_schema VALUES(161,11);
INSERT INTO card_schema_tags_tag_schema VALUES(158,11);
INSERT INTO card_schema_tags_tag_schema VALUES(157,11);
INSERT INTO card_schema_tags_tag_schema VALUES(156,11);
INSERT INTO card_schema_tags_tag_schema VALUES(132,11);
INSERT INTO card_schema_tags_tag_schema VALUES(118,11);
INSERT INTO card_schema_tags_tag_schema VALUES(103,11);
INSERT INTO card_schema_tags_tag_schema VALUES(101,11);
INSERT INTO card_schema_tags_tag_schema VALUES(91,11);
INSERT INTO card_schema_tags_tag_schema VALUES(70,11);
INSERT INTO card_schema_tags_tag_schema VALUES(53,11);
INSERT INTO card_schema_tags_tag_schema VALUES(2,12);
INSERT INTO card_schema_tags_tag_schema VALUES(176,12);
INSERT INTO card_schema_tags_tag_schema VALUES(174,12);
INSERT INTO card_schema_tags_tag_schema VALUES(170,12);
INSERT INTO card_schema_tags_tag_schema VALUES(168,12);
INSERT INTO card_schema_tags_tag_schema VALUES(166,12);
INSERT INTO card_schema_tags_tag_schema VALUES(167,12);
INSERT INTO card_schema_tags_tag_schema VALUES(165,12);
INSERT INTO card_schema_tags_tag_schema VALUES(164,12);
INSERT INTO card_schema_tags_tag_schema VALUES(163,12);
INSERT INTO card_schema_tags_tag_schema VALUES(162,12);
INSERT INTO card_schema_tags_tag_schema VALUES(154,12);
INSERT INTO card_schema_tags_tag_schema VALUES(155,12);
INSERT INTO card_schema_tags_tag_schema VALUES(153,12);
INSERT INTO card_schema_tags_tag_schema VALUES(152,12);
INSERT INTO card_schema_tags_tag_schema VALUES(151,12);
INSERT INTO card_schema_tags_tag_schema VALUES(150,12);
INSERT INTO card_schema_tags_tag_schema VALUES(149,12);
INSERT INTO card_schema_tags_tag_schema VALUES(145,12);
INSERT INTO card_schema_tags_tag_schema VALUES(144,12);
INSERT INTO card_schema_tags_tag_schema VALUES(142,12);
INSERT INTO card_schema_tags_tag_schema VALUES(141,12);
INSERT INTO card_schema_tags_tag_schema VALUES(139,12);
INSERT INTO card_schema_tags_tag_schema VALUES(130,12);
INSERT INTO card_schema_tags_tag_schema VALUES(119,12);
INSERT INTO card_schema_tags_tag_schema VALUES(112,12);
INSERT INTO card_schema_tags_tag_schema VALUES(109,12);
INSERT INTO card_schema_tags_tag_schema VALUES(107,12);
INSERT INTO card_schema_tags_tag_schema VALUES(105,12);
INSERT INTO card_schema_tags_tag_schema VALUES(104,12);
INSERT INTO card_schema_tags_tag_schema VALUES(100,12);
INSERT INTO card_schema_tags_tag_schema VALUES(99,12);
INSERT INTO card_schema_tags_tag_schema VALUES(97,12);
INSERT INTO card_schema_tags_tag_schema VALUES(96,12);
INSERT INTO card_schema_tags_tag_schema VALUES(95,12);
INSERT INTO card_schema_tags_tag_schema VALUES(94,12);
INSERT INTO card_schema_tags_tag_schema VALUES(89,12);
INSERT INTO card_schema_tags_tag_schema VALUES(88,12);
INSERT INTO card_schema_tags_tag_schema VALUES(87,12);
INSERT INTO card_schema_tags_tag_schema VALUES(86,12);
INSERT INTO card_schema_tags_tag_schema VALUES(85,12);
INSERT INTO card_schema_tags_tag_schema VALUES(84,12);
INSERT INTO card_schema_tags_tag_schema VALUES(83,12);
INSERT INTO card_schema_tags_tag_schema VALUES(82,12);
INSERT INTO card_schema_tags_tag_schema VALUES(81,12);
INSERT INTO card_schema_tags_tag_schema VALUES(80,12);
INSERT INTO card_schema_tags_tag_schema VALUES(77,12);
INSERT INTO card_schema_tags_tag_schema VALUES(75,12);
INSERT INTO card_schema_tags_tag_schema VALUES(73,12);
INSERT INTO card_schema_tags_tag_schema VALUES(71,12);
INSERT INTO card_schema_tags_tag_schema VALUES(68,12);
INSERT INTO card_schema_tags_tag_schema VALUES(67,12);
INSERT INTO card_schema_tags_tag_schema VALUES(66,12);
INSERT INTO card_schema_tags_tag_schema VALUES(65,12);
INSERT INTO card_schema_tags_tag_schema VALUES(56,12);
INSERT INTO card_schema_tags_tag_schema VALUES(45,12);
INSERT INTO card_schema_tags_tag_schema VALUES(44,12);
INSERT INTO card_schema_tags_tag_schema VALUES(43,12);
INSERT INTO card_schema_tags_tag_schema VALUES(42,12);
INSERT INTO card_schema_tags_tag_schema VALUES(41,12);
INSERT INTO card_schema_tags_tag_schema VALUES(40,12);
INSERT INTO card_schema_tags_tag_schema VALUES(27,12);
INSERT INTO card_schema_tags_tag_schema VALUES(25,12);
INSERT INTO card_schema_tags_tag_schema VALUES(24,12);
INSERT INTO card_schema_tags_tag_schema VALUES(23,12);
INSERT INTO card_schema_tags_tag_schema VALUES(21,12);
INSERT INTO card_schema_tags_tag_schema VALUES(20,12);
INSERT INTO card_schema_tags_tag_schema VALUES(17,12);
INSERT INTO card_schema_tags_tag_schema VALUES(18,12);
INSERT INTO card_schema_tags_tag_schema VALUES(16,12);
INSERT INTO card_schema_tags_tag_schema VALUES(10,12);
INSERT INTO card_schema_tags_tag_schema VALUES(191,12);
INSERT INTO card_schema_tags_tag_schema VALUES(192,3);
INSERT INTO card_schema_tags_tag_schema VALUES(193,6);
INSERT INTO card_schema_tags_tag_schema VALUES(193,12);
INSERT INTO card_schema_tags_tag_schema VALUES(194,12);
INSERT INTO card_schema_tags_tag_schema VALUES(195,3);
INSERT INTO card_schema_tags_tag_schema VALUES(196,3);
INSERT INTO card_schema_tags_tag_schema VALUES(197,7);
INSERT INTO card_schema_tags_tag_schema VALUES(198,1);
INSERT INTO card_schema_tags_tag_schema VALUES(199,12);
INSERT INTO card_schema_tags_tag_schema VALUES(200,12);
INSERT INTO card_schema_tags_tag_schema VALUES(201,12);
INSERT INTO card_schema_tags_tag_schema VALUES(202,12);
INSERT INTO card_schema_tags_tag_schema VALUES(202,6);
INSERT INTO card_schema_tags_tag_schema VALUES(203,12);
INSERT INTO card_schema_tags_tag_schema VALUES(205,7);
INSERT INTO card_schema_tags_tag_schema VALUES(205,3);
INSERT INTO card_schema_tags_tag_schema VALUES(206,3);
INSERT INTO card_schema_tags_tag_schema VALUES(207,12);
INSERT INTO card_schema_tags_tag_schema VALUES(208,1);
INSERT INTO card_schema_tags_tag_schema VALUES(209,3);
INSERT INTO card_schema_tags_tag_schema VALUES(210,12);
INSERT INTO card_schema_tags_tag_schema VALUES(211,8);
INSERT INTO card_schema_tags_tag_schema VALUES(211,11);
INSERT INTO card_schema_tags_tag_schema VALUES(212,8);
INSERT INTO card_schema_tags_tag_schema VALUES(212,1);
INSERT INTO card_schema_tags_tag_schema VALUES(212,7);
INSERT INTO card_schema_tags_tag_schema VALUES(213,11);
INSERT INTO card_schema_tags_tag_schema VALUES(214,3);
INSERT INTO card_schema_tags_tag_schema VALUES(215,11);
INSERT INTO card_schema_tags_tag_schema VALUES(216,1);
INSERT INTO card_schema_tags_tag_schema VALUES(217,1);
INSERT INTO card_schema_tags_tag_schema VALUES(218,1);
INSERT INTO card_schema_tags_tag_schema VALUES(219,1);
INSERT INTO card_schema_tags_tag_schema VALUES(220,1);
INSERT INTO card_schema_tags_tag_schema VALUES(221,1);
INSERT INTO card_schema_tags_tag_schema VALUES(222,11);
INSERT INTO card_schema_tags_tag_schema VALUES(223,11);
INSERT INTO card_schema_tags_tag_schema VALUES(224,11);
INSERT INTO card_schema_tags_tag_schema VALUES(225,11);
INSERT INTO card_schema_tags_tag_schema VALUES(226,3);
INSERT INTO card_schema_tags_tag_schema VALUES(227,3);
INSERT INTO card_schema_tags_tag_schema VALUES(228,3);
INSERT INTO card_schema_tags_tag_schema VALUES(229,1);
INSERT INTO card_schema_tags_tag_schema VALUES(230,1);
INSERT INTO card_schema_tags_tag_schema VALUES(231,1);
INSERT INTO card_schema_tags_tag_schema VALUES(233,1);
INSERT INTO card_schema_tags_tag_schema VALUES(232,1);
INSERT INTO card_schema_tags_tag_schema VALUES(234,1);
INSERT INTO card_schema_tags_tag_schema VALUES(235,1);
INSERT INTO card_schema_tags_tag_schema VALUES(236,1);
INSERT INTO card_schema_tags_tag_schema VALUES(237,7);
INSERT INTO card_schema_tags_tag_schema VALUES(237,8);
INSERT INTO card_schema_tags_tag_schema VALUES(238,11);
INSERT INTO card_schema_tags_tag_schema VALUES(239,11);
INSERT INTO card_schema_tags_tag_schema VALUES(240,1);
INSERT INTO card_schema_tags_tag_schema VALUES(241,1);
INSERT INTO card_schema_tags_tag_schema VALUES(242,12);
INSERT INTO card_schema_tags_tag_schema VALUES(243,3);
INSERT INTO card_schema_tags_tag_schema VALUES(244,11);
INSERT INTO card_schema_tags_tag_schema VALUES(245,12);
INSERT INTO card_schema_tags_tag_schema VALUES(246,1);
INSERT INTO card_schema_tags_tag_schema VALUES(247,1);
INSERT INTO card_schema_tags_tag_schema VALUES(248,1);
INSERT INTO card_schema_tags_tag_schema VALUES(249,12);
INSERT INTO card_schema_tags_tag_schema VALUES(250,12);
INSERT INTO card_schema_tags_tag_schema VALUES(251,7);
INSERT INTO card_schema_tags_tag_schema VALUES(252,12);
INSERT INTO card_schema_tags_tag_schema VALUES(253,12);
INSERT INTO card_schema_tags_tag_schema VALUES(247,13);
INSERT INTO card_schema_tags_tag_schema VALUES(248,13);
INSERT INTO card_schema_tags_tag_schema VALUES(244,13);
INSERT INTO card_schema_tags_tag_schema VALUES(253,13);
INSERT INTO card_schema_tags_tag_schema VALUES(252,13);
INSERT INTO card_schema_tags_tag_schema VALUES(250,13);
INSERT INTO card_schema_tags_tag_schema VALUES(251,13);
INSERT INTO card_schema_tags_tag_schema VALUES(246,13);
INSERT INTO card_schema_tags_tag_schema VALUES(245,13);
INSERT INTO card_schema_tags_tag_schema VALUES(240,13);
INSERT INTO card_schema_tags_tag_schema VALUES(216,13);
INSERT INTO card_schema_tags_tag_schema VALUES(213,13);
INSERT INTO card_schema_tags_tag_schema VALUES(190,13);
INSERT INTO card_schema_tags_tag_schema VALUES(169,13);
INSERT INTO card_schema_tags_tag_schema VALUES(162,13);
INSERT INTO card_schema_tags_tag_schema VALUES(161,13);
INSERT INTO card_schema_tags_tag_schema VALUES(142,13);
INSERT INTO card_schema_tags_tag_schema VALUES(32,13);
INSERT INTO card_schema_tags_tag_schema VALUES(8,13);
CREATE TABLE IF NOT EXISTS "metadata_schema" ("id" integer PRIMARY KEY AUTOINCREMENT NOT NULL, "createdAt" datetime NOT NULL DEFAULT (datetime('now')), "updatedAt" datetime NOT NULL DEFAULT (datetime('now')), "cardsCreated" integer NOT NULL DEFAULT (0));
INSERT INTO metadata_schema VALUES(1,'2024-11-21 17:03:29','2024-11-21 17:03:29',0);
CREATE TABLE IF NOT EXISTS "conf_schema" ("id" integer PRIMARY KEY AUTOINCREMENT NOT NULL, "createdAt" datetime NOT NULL DEFAULT (datetime('now')), "updatedAt" datetime NOT NULL DEFAULT (datetime('now')), "sideA" text NOT NULL DEFAULT ('A'), "sideB" text NOT NULL DEFAULT ('B'), "testSide" text NOT NULL DEFAULT ('A'), "numberOfCards" integer NOT NULL DEFAULT (10), "sortBy" text(10) NOT NULL DEFAULT ('TIME'));
INSERT INTO conf_schema VALUES(1,'2024-11-21 17:03:29','2024-11-22 19:45:59','Français','Traduction','A',10,'TIME');
DELETE FROM sqlite_sequence;
INSERT INTO sqlite_sequence VALUES('migrations',3);
INSERT INTO sqlite_sequence VALUES('metadata_schema',1);
INSERT INTO sqlite_sequence VALUES('card_schema',253);
INSERT INTO sqlite_sequence VALUES('tag_schema',13);
INSERT INTO sqlite_sequence VALUES('conf_schema',1);
CREATE INDEX "IDX_ce340a944fcb2c3939561e6960" ON "card_schema_tags_tag_schema" ("cardSchemaId");
CREATE INDEX "IDX_be48ea9c0293b07256a74d96c2" ON "card_schema_tags_tag_schema" ("tagSchemaId");
COMMIT;
